{"data":[{"colorscale":[[0.0,"rgb(247,251,255)"],[0.125,"rgb(222,235,247)"],[0.25,"rgb(198,219,239)"],[0.375,"rgb(158,202,225)"],[0.5,"rgb(107,174,214)"],[0.625,"rgb(66,146,198)"],[0.75,"rgb(33,113,181)"],[0.875,"rgb(8,81,156)"],[1.0,"rgb(8,48,107)"]],"showscale":false,"z":[[4.105820153199602e-06,5.065168284801302e-10,7.099591053938425e-11,3.786944716144269e-12,1.945639344080874e-10,3.4282331747709227e-13,2.0477319655470144e-13,4.2454595747124305e-15,3.5851334921621625e-12,2.373081725158717e-14,8.239596850677985e-15,8.897537654567467e-13,7.172270115600628e-15,3.7376086383864027e-13,0.9999959468841553],[0.02654421515762806,0.7155888080596924,0.22619763016700745,0.006918930448591709,0.0014974222285673022,0.0047514536418020725,0.0022219307720661163,0.0003352079074829817,0.0016215455252677202,3.277216455899179e-05,7.391197141259909e-05,0.0014677831204608083,0.00061892467783764,0.0010100527433678508,0.011119315400719643],[0.06884496659040451,0.13928647339344025,0.5549219250679016,0.12171346694231033,0.024910666048526764,0.0028812438249588013,0.008453385904431343,0.0026249252259731293,0.005157387815415859,0.0004715275135822594,8.604343747720122e-05,0.0010658910032361746,0.005023414269089699,0.0015932952519506216,0.06296544522047043],[0.019228020682930946,0.009446763433516026,0.16260996460914612,0.6383246183395386,0.10821341723203659,0.006332604680210352,0.007513050455600023,0.0038226894102990627,0.010661468841135502,0.001057627610862255,0.0001975592749658972,0.0017415608745068312,0.005614843685179949,0.0024426605086773634,0.022793184965848923],[0.01836160570383072,0.0012035582913085818,0.009849653579294682,0.21419580280780792,0.5801962018013,0.039185844361782074,0.03247937560081482,0.037731681019067764,0.028787333518266678,0.003054308006539941,0.001083146664313972,0.0021461660508066416,0.009835769422352314,0.002449754159897566,0.01943977177143097],[0.04565213993191719,0.0007232912466861308,0.0041085160337388515,0.23992468416690826,0.5360708236694336,0.08302219212055206,0.014057550579309464,0.01877172291278839,0.011169414967298508,0.014692598953843117,0.0015927529893815517,0.0020988951437175274,0.0023563415743410587,0.0025463541969656944,0.0232126135379076],[0.04739625006914139,0.0016007357044145465,0.004014116246253252,0.053692255169153214,0.17664000391960144,0.6099333167076111,0.013829179108142853,0.03117244876921177,0.008106495253741741,0.009262638166546822,0.003495241282507777,0.01451514195650816,0.0013007449451833963,0.0038233750965446234,0.021218081936240196],[0.012189160101115704,0.0008105105371214449,0.0005512898205779493,0.01707456260919571,0.0052729081362485886,0.8703129291534424,0.02727864682674408,0.0256700087338686,0.0018315904308110476,0.0009252768359147012,0.0050392113626003265,0.016321266070008278,0.0012969020754098892,0.004416508134454489,0.011009232141077518],[0.007193551864475012,0.0017457399517297745,0.0019326528999954462,0.0034909287933260202,0.011170817539095879,0.0752945989370346,0.5678194761276245,0.12072646617889404,0.11526469886302948,0.002489562379196286,0.0005679881433025002,0.02352384850382805,0.055422745645046234,0.0060706655494868755,0.0072861951775848866],[0.011639267206192017,0.00034658063668757677,0.001159793813712895,0.0033831472974270582,0.006703380029648542,0.015343612059950829,0.196451336145401,0.5806445479393005,0.033043358474969864,0.0038279255386441946,0.0006060716696083546,0.006654402241110802,0.08933600783348083,0.03505614772439003,0.015804452821612358],[0.010800330899655819,0.003355674911290407,0.008652896620333195,0.0035785329528152943,0.006026373710483313,0.0018291970482096076,0.013440759852528572,0.1127372682094574,0.7716882228851318,0.011665446683764458,0.0017161116702482104,0.007056842092424631,0.011771031655371189,0.0266032125800848,0.00907817855477333],[0.01247413270175457,0.0009180711931549013,0.004608964081853628,0.004964188672602177,0.008475322276353836,0.0005227765068411827,0.0024728693533688784,0.01242762804031372,0.6140460968017578,0.2405840903520584,0.01459101215004921,0.02805352583527565,0.03502211719751358,0.012406615540385246,0.008432543836534023],[0.04388486221432686,0.0016422519693151116,0.002548677148297429,0.0020520456600934267,0.003254988230764866,0.001296906266361475,0.0007621243130415678,0.0017099338583648205,0.034855589270591736,0.7957457900047302,0.04405854642391205,0.04267033562064171,0.004430064931511879,0.004370979033410549,0.016716953366994858],[0.024388281628489494,0.0006640891078859568,0.000732136657461524,0.003012034809216857,0.0008307394455187023,0.0011956989765167236,0.00037168877315707505,0.0012593816500157118,0.011750494129955769,0.07451152801513672,0.7588126063346863,0.10523167997598648,0.004774955101311207,0.004716456402093172,0.0077483514323830605],[0.028935756534337997,0.002335638739168644,0.0014880618546158075,0.004257442429661751,0.0012090879026800394,0.007599192205816507,0.0022015010472387075,0.0009828211041167378,0.007657843641936779,0.01231543067842722,0.12336639314889908,0.7326372861862183,0.0445038303732872,0.007727255113422871,0.02278256043791771],[0.016683895140886307,0.002923572203144431,0.0012639735359698534,0.003982794005423784,0.0009710886515676975,0.008899206295609474,0.002066010842099786,0.0011202783789485693,0.005681083537638187,0.003919797483831644,0.026437651365995407,0.8696688413619995,0.03805883601307869,0.007209195289760828,0.011113753542304039],[0.004824919626116753,0.001946770353242755,0.0009015017421916127,0.0009307676227763295,0.001062760129570961,0.0018063915194943547,0.021424682810902596,0.002062539802864194,0.02115524746477604,0.002232086379081011,0.0011023436672985554,0.15245863795280457,0.7487977743148804,0.023940296843647957,0.015353272669017315],[0.022223513573408127,0.0008921465487219393,0.0011269757524132729,0.000899244099855423,0.0005248719826340675,0.000649808207526803,0.009718217886984348,0.013362527824938297,0.009789874777197838,0.0011509808246046305,0.0005897451192140579,0.036600783467292786,0.5061575770378113,0.3120444416999817,0.08426929265260696],[0.04830261319875717,0.003509924979880452,0.0021993787959218025,0.0019085623789578676,0.0011756288586184382,0.000619623635429889,0.003031049622222781,0.004334745462983847,0.0023176332470029593,0.0008869411540217698,0.00029144721338525414,0.01609812304377556,0.07601422816514969,0.734035849571228,0.10527416318655014],[0.06807925552129745,0.07262357324361801,0.07044108957052231,0.018592853099107742,0.006312719080597162,0.0033217521850019693,0.005233710166066885,0.005196671932935715,0.034066952764987946,0.00348871061578393,0.0019791440572589636,0.01818077452480793,0.02210891991853714,0.30436697602272034,0.3660069406032562]],"zmax":1,"zmin":0,"type":"heatmap","xaxis":"x","yaxis":"y"}],"layout":{"template":{"data":{"histogram2dcontour":[{"type":"histogram2dcontour","colorbar":{"outlinewidth":0,"ticks":""},"colorscale":[[0.0,"#0d0887"],[0.1111111111111111,"#46039f"],[0.2222222222222222,"#7201a8"],[0.3333333333333333,"#9c179e"],[0.4444444444444444,"#bd3786"],[0.5555555555555556,"#d8576b"],[0.6666666666666666,"#ed7953"],[0.7777777777777778,"#fb9f3a"],[0.8888888888888888,"#fdca26"],[1.0,"#f0f921"]]}],"choropleth":[{"type":"choropleth","colorbar":{"outlinewidth":0,"ticks":""}}],"histogram2d":[{"type":"histogram2d","colorbar":{"outlinewidth":0,"ticks":""},"colorscale":[[0.0,"#0d0887"],[0.1111111111111111,"#46039f"],[0.2222222222222222,"#7201a8"],[0.3333333333333333,"#9c179e"],[0.4444444444444444,"#bd3786"],[0.5555555555555556,"#d8576b"],[0.6666666666666666,"#ed7953"],[0.7777777777777778,"#fb9f3a"],[0.8888888888888888,"#fdca26"],[1.0,"#f0f921"]]}],"heatmap":[{"type":"heatmap","colorbar":{"outlinewidth":0,"ticks":""},"colorscale":[[0.0,"#0d0887"],[0.1111111111111111,"#46039f"],[0.2222222222222222,"#7201a8"],[0.3333333333333333,"#9c179e"],[0.4444444444444444,"#bd3786"],[0.5555555555555556,"#d8576b"],[0.6666666666666666,"#ed7953"],[0.7777777777777778,"#fb9f3a"],[0.8888888888888888,"#fdca26"],[1.0,"#f0f921"]]}],"heatmapgl":[{"type":"heatmapgl","colorbar":{"outlinewidth":0,"ticks":""},